[限免] POPGOES Arcade,9,Sat Jun 27 07:52:41 2026
[限免] RollerCoaster Tycoon 3 等3款 (Epic),0,Sat Jun 27 12:06:11 2026
[公告] 板務宣導/實用連結/置底聊天區,爆,
[公告] Steam板板規(新!) /文章推薦區,15,Fri Sep 15 00:09:18 2017
[公告] 交易文章使用說明(發文/推文前請詳閱),0,
[公告] 板規增訂 ,24,Thu Nov 27 17:43:43 2025
[公告] 6月置底遊戲交換區 ,5,
[新聞] PC玩遊戲很複雜？Steam Machine開賣掀優,48,Tue Jun 23 18:44:32 2026
[心得] 探地者米娜好玩難度高(輔助很多)無劇情雷,9,Tue Jun 23 23:35:17 2026
Re: [閒聊] 太吾繪卷 褒貶不一,37,Wed Jun 24 01:21:16 2026
Re: [心得] 《女王的遊戲》女帝篇 6/9 已上架,5,Wed Jun 24 10:44:54 2026
[心得] 現在才補完隻狼 只能說GOTY不是叫假的  ,87,Wed Jun 24 12:29:42 2026
[心得] Spark in the Dark 搶先體驗,6,Wed Jun 24 15:17:39 2026
Re: [閒聊] Steam Machine 價格公佈,25,Wed Jun 24 20:26:58 2026
[新聞] Valve 正努力讓 SteamOS 可支援玩家自,23,Thu Jun 25 04:07:00 2026
Re: [問題] 信用卡買steam machine回饋方案？,8,Thu Jun 25 06:04:42 2026
Re: [閒聊] 太吾繪卷 褒貶不一,23,Thu Jun 25 14:15:42 2026
[閒聊] STEAM夏日特賣即日起至7月9日,爆,Fri Jun 26 01:10:54 2026
[CS2] G2 -SunPayus +r1nkle,14,Fri Jun 26 01:16:54 2026
Re: [問題] 想找特別會吹的遊戲,12,Fri Jun 26 03:47:36 2026
[閒聊] 量子裂痕（Quantum Break）,22,Fri Jun 26 07:35:44 2026
[閒聊] 戰神2018玩不下去...,爆,Fri Jun 26 10:04:29 2026
Re: [閒聊] Risen《異世界》繁中修正檔,8,Fri Jun 26 17:10:21 2026
[問題] 大俠立志傳有資安疑慮？,11,Fri Jun 26 18:53:50 2026
[閒聊] 夏特超好評銅板遊戲推薦,35,Fri Jun 26 22:02:52 2026
[問題] Stronghold 要塞特價推薦哪個版本?,0,Sat Jun 27 04:04:52 2026
Fw: [分享] Dust Front RTS自製部分繁中化檔案,8,Sun Jun 21 18:58:57 2026
[心得] 新品節 萌太寶貝Montabi 類寶可夢肉鴿卡牌,3,Sun Jun 21 20:43:34 2026
Fw: [閒聊] 想學泰坦殞落但學得很怪的EMPULSE,1,Sun Jun 21 21:21:48 2026
[閒聊] 2026 IEM 科隆 MAJOR 總冠軍：Falcons,爆,Mon Jun 22 02:05:52 2026
Re: [心得] 大推Witchfire 魂+撤離+roguelike的射擊,8,Mon Jun 22 08:11:39 2026
Re: [閒聊] 太吾繪卷 褒貶不一,39,Mon Jun 22 08:23:43 2026
[心得] 夏洛克．福爾摩斯：第一章 無雷簡易心得,2,Mon Jun 22 10:30:38 2026
Fw: [閒聊] 動物朋友三創遊戲 阿萊桑公寓新增中文,48,Mon Jun 22 10:39:11 2026
[心得] 絕對魔權+失落城堡2+蒼翼：混沌效應,19,Mon Jun 22 13:03:43 2026
[閒聊] GTA 6 的預售價格公開 最貴可能約7XXX元,32,Tue Jun 23 00:10:35 2026
[閒聊] Steam Machine 價格公佈,爆,Tue Jun 23 01:25:38 2026
Fw: [情報] SteamOS3.8.10正式釋出 優化桌面硬體相容,2,Tue Jun 23 09:45:28 2026
Re: [閒聊] Steam Machine 價格公佈,52,Tue Jun 23 10:02:49 2026
[問題] 信用卡買steam machine回饋方案？,26,Tue Jun 23 10:21:33 2026
[問題] 想找特別會吹的遊戲,51,Tue Jun 23 13:15:41 2026
Re: [閒聊] Steam Machine 價格公佈,23,Tue Jun 23 14:06:00 2026
[閒聊] 夏特前最後銅板遊戲建議,28,Tue Jun 23 15:23:20 2026
Fw: [分享] Dust Front RTS自製部分繁中化檔案(更新,0,Tue Jun 23 18:11:45 2026
